{"NUMPOINTS": 30, "X_COORD": [93.43969748919746, 38.02372992545706, 58.227457630982634, 28.169758080340756, 88.31016990398386, 21.126948030444158, 5.224008117613255, 42.54376126089342, 67.46242128009597, 44.386977257818806, 18.671855631613145, 72.06969840288238, 53.615930550528375, 15.018290233628795, 73.19665145114135, 75.57495213050183, 53.945494660067936, 5.653834703307026, 7.09642155528869, 52.177330091876094, 16.627796325685075, 0.7561104186339929, 77.91900286878086, 87.82225172342201, 81.52992478776895, 78.77753141984707, 99.63943976625623, 56.500132092946885, 95.96598295580401, 17.160786096284653, 52.977090839994254, 50.97020014659708, 64.9055754971447, 82.81367796757682, 59.167536737462875, 15.746889618783754, 4.972539995159098, 32.655169227661595, 24.14827057381208, 37.665716271503236, 3.7304916380584086, 59.742305783588975, 61.409320748551835, 49.03910387654968, 94.34447112534703, 78.38980471699539, 11.33028564836226, 14.295604775251892, 82.16898998880767, 9.489002915714773, 75.9367161599628, 97.82132861035626, 48.44482448765045, 84.07168320704398, 91.71704937167692, 72.02928388208959, 55.122843703254034, 46.411495869620424, 91.88282507691586, 60.626546196759016, 25.783305885201358, 67.9264717689581, 44.80767665622471, 26.14631931532905, 95.36084525429432, 30.302468078728438, 77.79097770643267, 57.90380545047979, 47.076725401531895, 37.30160333812158, 85.32841994196433, 77.89198191226328, 97.3836143029337, 84.72207177305665, 66.27734259813093, 65.32920545532487, 19.226705190867666, 90.35296102705706, 74.18503811105967, 51.09659870377266, 82.84855298071433, 2.0431445213561994, 22.57447761574913, 87.48473949723675, 78.51786001400515, 85.87668658903858, 56.801904660672086, 54.93890061536969, 72.01427872614536, 18.068817708170425, 98.50982184024258, 84.45417750407519, 28.851932614191945, 40.863884240741974, 60.81176387294417, 61.47375104249265, 10.4924588915687, 80.9599892830777, 5.009927664011071, 80.53871300351359], "Y_COORD": [27.991106992256952, 83.54634809597414, 68.01165408825867, 84.38437153785934, 51.06899916407117, 36.48113744066303, 6.576208262054983, 11.834982766437385, 3.1863404352034386, 52.38312118809283, 24.057406223326282, 47.53565309312072, 90.38115905585816, 53.967384444542645, 39.775724416261184, 10.994346396841825, 68.64945087244699, 90.42117145787562, 21.981432645815303, 16.98674304969404, 37.41746927162889, 55.85062414700431, 26.369536381042323, 6.008327780068445, 15.905072876539428, 7.4776397316617444, 39.62176361094776, 27.628056675305814, 42.67365046313266, 66.53657169655068, 60.801758111122794, 12.279888180380194, 57.793099060191174, 45.84900183714512, 90.93996019623798, 52.77862978631096, 85.96829609011553, 12.81138144222691, 41.09521624106739, 53.90345046911633, 11.221717047218627, 73.77549640243952, 68.75736663367849, 22.334850240692262, 85.32019774005568, 12.94152775501477, 40.9011438624214, 21.58923356822382, 34.08222622787338, 98.2661732552936, 96.09643791749367, 56.988667432461696, 48.094820342676705, 49.33998668665088, 39.75593155881146, 90.90466515875036, 3.878316134398385, 61.83956594138942, 44.84682342986104, 95.17245714230124, 1.0151667631268957, 83.82082740912912, 53.47455254694617, 57.797726972014175, 22.477997294134056, 92.09786049056794, 35.94066190131699, 96.39838767982499, 97.69009171872423, 73.34832611972931, 72.92222916434426, 26.82071979175953, 76.14113925337969, 41.66984993119785, 89.06697158586233, 54.473118829789016, 31.64755789470004, 38.83374064024606, 50.764617905120865, 69.14052070042533, 13.070360987903996, 81.88383298734057, 64.85564041342279, 95.55368224075276, 58.50431339748049, 88.61899718510537, 33.21147234586913, 39.42973923717614, 77.0141672390681, 53.09913213336053, 40.01288076013145, 24.725384772029223, 93.90400514014748, 49.70246718404188, 81.41097177155348, 31.382866936818445, 39.11202839140962, 69.76802875762122, 16.24017388787109, 35.90145767595957], "LENGTH1": 20.2, "RADIUS1": 2.9, "RADIUS2": 4.1, "EPSILON": 2.1, "AREA1": 40.7, "Q_PTS": 2, "QUADS": 3, "DIST": 10.7, "N_PTS": 3, "K_PTS": 3, "A_PTS": 3, "B_PTS": 3, "C_PTS": 3, "D_PTS": 3, "E_PTS": 3, "F_PTS": 3, "G_PTS": 3, "LENGTH2": 11.2, "AREA2": 22.2, "LCM": [["NOTUSED", "ANDD", "NOTUSED", "ANDD", "ANDD", "ANDD", "ORR", "ANDD", "NOTUSED", "NOTUSED", "ANDD", "ORR", "ORR", "ORR", "ANDD"], ["ANDD", "NOTUSED", "ANDD", "ORR", "ANDD", "NOTUSED", "NOTUSED", "ANDD", "NOTUSED", "NOTUSED", "ORR", "ORR", "ANDD", "ANDD", "ANDD"], ["NOTUSED", "ANDD", "ORR", "ANDD", "ORR", "ANDD", "NOTUSED", "ORR", "ORR", "ORR", "ANDD", "NOTUSED", "NOTUSED", "ANDD", "NOTUSED"], ["ORR", "NOTUSED", "ORR", "ANDD", "ORR", "ANDD", "NOTUSED", "ORR", "NOTUSED", "ANDD", "ANDD", "ORR", "NOTUSED", "ORR", "ANDD"], ["NOTUSED", "ORR", "ORR", "ANDD", "ORR", "NOTUSED", "ANDD", "ORR", "NOTUSED", "NOTUSED", "ORR", "NOTUSED", "NOTUSED", "NOTUSED", "ORR"], ["NOTUSED", "ANDD", "NOTUSED", "ORR", "ORR", "ANDD", "NOTUSED", "ORR", "ANDD", "ANDD", "ORR", "ANDD", "ORR", "ORR", "ANDD"], ["ORR", "ORR", "ANDD", "ORR", "ORR", "ORR", "NOTUSED", "ORR", "ANDD", "ORR", "ORR", "NOTUSED", "ANDD", "NOTUSED", "ANDD"], ["ANDD", "ANDD", "ANDD", "NOTUSED", "ANDD", "ANDD", "ORR", "ANDD", "NOTUSED", "ANDD", "NOTUSED", "ANDD", "ORR", "ORR", "ANDD"], ["ORR", "ANDD", "ANDD", "NOTUSED", "NOTUSED", "NOTUSED", "NOTUSED", "ANDD", "ANDD", "ANDD", "ANDD", "ORR", "NOTUSED", "ORR", "NOTUSED"], ["ANDD", "ANDD", "ORR", "NOTUSED", "ORR", "NOTUSED", "NOTUSED", "ORR", "ANDD", "NOTUSED", "NOTUSED", "NOTUSED", "ORR", "NOTUSED", "ORR"], ["ORR", "ANDD", "ANDD", "NOTUSED", "ANDD", "NOTUSED", "ANDD", "ORR", "ANDD", "NOTUSED", "ANDD", "NOTUSED", "ORR", "NOTUSED", "ANDD"], ["ORR", "NOTUSED", "ORR", "ANDD", "NOTUSED", "ANDD", "ANDD", "NOTUSED", "ANDD", "NOTUSED", "NOTUSED", "ORR", "ANDD", "NOTUSED", "ANDD"], ["NOTUSED", "NOTUSED", "NOTUSED", "ANDD", "ORR", "ANDD", "NOTUSED", "NOTUSED", "NOTUSED", "ANDD", "ANDD", "ORR", "ANDD", "ORR", "ORR"], ["ORR", "NOTUSED", "ORR", "NOTUSED", "ANDD", "ANDD", "ANDD", "ORR", "NOTUSED", "ANDD", "ANDD", "ANDD", "NOTUSED", "ANDD", "ANDD"], ["ANDD", "NOTUSED", "ANDD", "ANDD", "ANDD", "ORR", "ANDD", "ANDD", "ORR", "NOTUSED", "ANDD", "ORR", "NOTUSED", "ORR", "ANDD"]], "PUV": [1, 1, 0, 0, 0, 1, 0, 0, 0, 1, 1, 1, 0, 1, 1]}