{"NUMPOINTS": 30, "POINTS": [[68.15481612826564, 35.7249778247542], [85.31156158080404, 91.53085439176449], [16.964901348087746, 3.2221287426357437], [6.371951156001177, 92.08258969111036], [75.21824070441097, 34.165385995528865], [27.751197818035255, 3.7406216670798242], [49.499343521321826, 46.58950817915505], [34.180285287604185, 6.042421882652582], [76.75372565541623, 45.54617681387635], [44.39199334620194, 99.71500096740212], [93.40667922209745, 81.00150785971454], [40.21066433173153, 94.96297319596987], [95.05297537276078, 86.59955439375254], [87.85364146907004, 8.886114363408758], [80.32185951362713, 17.554175478659317], [84.6175162583943, 77.37660818090735], [94.99025466370932, 42.003127158762055], [58.5481864505374, 82.47809402822388], [36.875823693663335, 34.777766157177034], [92.38507817405599, 28.44783723758031], [86.42460801169322, 26.63361607424123], [95.2951421741588, 98.24878675118438], [51.56367970010417, 79.704219998888], [48.18340592418494, 71.30049890579689], [28.776174803049436, 39.946593228760975], [37.619755786215784, 8.779021143724997], [34.91885487248787, 73.84485761551555], [83.77573008340573, 4.234484537594419], [54.90894901284261, 86.70072537699572], [20.941363173695372, 69.43689205961486], [15.634837115757094, 49.516165305106995], [31.685263603633594, 19.475019606187217], [66.78655509477454, 36.11248586588871], [85.24003954922719, 2.8317285167298034], [73.13500159763302, 60.443604686625065], [86.82051692135893, 85.71951844305286], [92.13652481179325, 94.72313476286912], [76.53333450685263, 87.87661162402685], [19.59922406608645, 40.18447235769052], [17.72075395631737, 34.59886455970504], [12.039603561659362, 72.24238077775243], [85.43212432010222, 77.337045329155], [56.96044159563709, 65.81311790515304], [46.58654965684404, 51.36386467418442], [13.4949236780588, 10.976991779342082], [84.85955512651087, 71.25889439925052], [55.58919359490484, 75.39943490642474], [82.26654510764946, 43.75431454043519], [2.8409835510095682, 10.971819486307977], [22.54781089326403, 32.87714939093851], [93.6672004821335, 8.672718865472195], [4.856680996962459, 81.6837095827718], [38.51478569985808, 9.26597733234875], [80.65293611912128, 48.40295068368714], [34.21860592503422, 6.945349390539701], [42.61774359201479, 32.164232344783], [20.648035333323932, 47.70935563788181], [18.03441348777519, 18.36233281731383], [17.45749319915194, 50.88464475022091], [28.902384902420042, 94.26710767239909], [55.62242539075929, 89.50556480488953], [38.2576268450881, 28.9869461322228], [47.37882293401737, 60.83108343371681], [69.26797626375263, 68.70669350011839], [78.03142741813431, 11.755298515210576], [83.77467814785085, 63.258255925684615], [50.871227933341586, 5.509388221462985], [96.33158109249469, 58.68566717502773], [99.82229578234657, 7.053183657425022], [7.500287396648853, 46.60386458774342], [81.81197843147888, 4.192772662137978], [65.99966081031326, 81.55316433530477], [66.40298737900275, 47.45746290707802], [87.45833684075703, 51.64158334000258], [16.090704410823598, 52.881561182752236], [69.20185811976572, 56.32707735799539], [83.59833935248218, 20.281518759386852], [53.79484755036539, 97.81586566399253], [6.951280872704579, 90.71969594288923], [82.06139601693334, 80.23528719897884], [19.58158698357735, 58.480293446463314], [59.524315288240246, 97.77894460535084], [14.183100569566376, 12.07170651266617], [31.25011387819354, 38.49420176200792], [8.25034842884178, 19.515805989648115], [45.302588447625716, 52.169385886976706], [97.6737863947991, 60.655787946284725], [25.387144762709635, 44.44697120044747], [72.3488448468952, 4.7805886703806255], [54.416377941792035, 7.287770717827047], [93.98135650403636, 42.49383031899867], [76.68265679959512, 27.318906131420018], [61.04670875299982, 91.00779614817118], [13.474574009031759, 15.900463395742682], [89.26096329865695, 14.82766623388807], [36.88598068225774, 10.10172651506882], [21.634942696633384, 98.09748302326717], [10.714574417893175, 83.83275339811591], [60.546380673391, 42.04479206345228], [35.0209994538521, 70.31561312717702]], "LENGTH1": 20.2, "RADIUS1": 2.9, "RADIUS2": 4.1, "EPSILON": 2.1, "AREA1": 40.7, "Q_PTS": 2, "QUADS": 3, "DIST": 10.7, "N_PTS": 3, "K_PTS": 3, "A_PTS": 3, "B_PTS": 3, "C_PTS": 3, "D_PTS": 3, "E_PTS": 3, "F_PTS": 3, "G_PTS": 3, "LENGTH2": 11.2, "AREA2": 22.2, "LCM": [["NOTUSED", "ORR", "NOTUSED", "ANDD", "ANDD", "ANDD", "NOTUSED", "ANDD", "ANDD", "ANDD", "ANDD", "ORR", "ORR", "ANDD", "ORR"], ["ORR", "ORR", "ANDD", "NOTUSED", "NOTUSED", "ORR", "NOTUSED", "ANDD", "ORR", "ORR", "ANDD", "NOTUSED", "ANDD", "ANDD", "ANDD"], ["ORR", "ORR", "ORR", "NOTUSED", "NOTUSED", "NOTUSED", "NOTUSED", "ANDD", "NOTUSED", "ORR", "NOTUSED", "ORR", "ORR", "ANDD", "ORR"], ["NOTUSED", "ANDD", "NOTUSED", "ORR", "ANDD", "ORR", "ANDD", "ANDD", "ANDD", "ORR", "ORR", "ORR", "ANDD", "ORR", "ANDD"], ["ANDD", "ANDD", "NOTUSED", "NOTUSED", "ORR", "ORR", "ORR", "NOTUSED", "NOTUSED", "NOTUSED", "ANDD", "ORR", "ORR", "ANDD", "ANDD"], ["ANDD", "ANDD", "ORR", "ANDD", "ANDD", "ANDD", "ORR", "ORR", "ORR", "NOTUSED", "ANDD", "ORR", "ANDD", "NOTUSED", "NOTUSED"], ["NOTUSED", "ANDD", "ORR", "ORR", "ORR", "NOTUSED", "NOTUSED", "ANDD", "NOTUSED", "ANDD", "ANDD", "NOTUSED", "ANDD", "NOTUSED", "ANDD"], ["NOTUSED", "ANDD", "ANDD", "ANDD", "ORR", "ORR", "ANDD", "ORR", "NOTUSED", "NOTUSED", "NOTUSED", "ANDD", "ORR", "ORR", "ORR"], ["ANDD", "ORR", "ORR", "NOTUSED", "ANDD", "NOTUSED", "ORR", "ORR", "ORR", "NOTUSED", "NOTUSED", "NOTUSED", "ANDD", "ORR", "NOTUSED"], ["ANDD", "ORR", "NOTUSED", "NOTUSED", "ORR", "ORR", "ANDD", "ORR", "ANDD", "NOTUSED", "NOTUSED", "ANDD", "ANDD", "NOTUSED", "NOTUSED"], ["NOTUSED", "NOTUSED", "ORR", "NOTUSED", "NOTUSED", "NOTUSED", "ORR", "ANDD", "NOTUSED", "NOTUSED", "ANDD", "NOTUSED", "ORR", "NOTUSED", "NOTUSED"], ["NOTUSED", "NOTUSED", "ANDD", "NOTUSED", "NOTUSED", "ANDD", "ANDD", "ANDD", "ORR", "NOTUSED", "ORR", "ANDD", "ANDD", "NOTUSED", "ORR"], ["ORR", "ORR", "ANDD", "ORR", "ORR", "NOTUSED", "ANDD", "ORR", "NOTUSED", "NOTUSED", "ORR", "ANDD", "NOTUSED", "ORR", "NOTUSED"], ["ORR", "NOTUSED", "ANDD", "NOTUSED", "NOTUSED", "ANDD", "ANDD", "ORR", "ORR", "NOTUSED", "ORR", "ORR", "ORR", "ORR", "ORR"], ["NOTUSED", "ANDD", "ANDD", "ANDD", "NOTUSED", "ANDD", "NOTUSED", "NOTUSED", "ANDD", "NOTUSED", "ANDD", "ORR", "ORR", "ORR", "ORR"]], "PUV": [0, 0, 1, 0, 1, 0, 0, 1, 0, 1, 1, 0, 0, 1, 1]}